EpochDate,market-price,estimated-transaction-volume,estimated-transaction-volume-usd,trade-volume,n-unique-addresses,my-wallet-n-users
1480896000,754.6397499999999,276149.23791113,208779869.83033073,26745481.446420282,548221.0,10394132.0
1480982400,756.6215,290179.8527432,219286012.91950884,20977699.216424413,540804.0,10425918.0
1481068800,766.1166375,294814.12588415,225933753.51257718,23775580.353968643,539249.0,10456219.0
1481155200,769.72975,283650.69092039,217843730.62685955,18396293.927808,500354.0,10485871.0
1481241600,770.028125,278051.52303171,214235917.98070225,16139725.074413015,465342.0,10513322.0
1481328000,773.40125,193275.66787871,149402091.27024284,11258173.04152307,454665.0,10538568.0
1481414400,768.303125,161208.9255033,123861653.7319505,10790493.55460276,439143.0,10560295.0
1481500800,777.006875,276318.05112749,214657678.01839063,19721035.416289408,498688.0,10584824.0
1481587200,778.4935,256895.58980853,200234698.52036065,20077997.9098794,498359.0,10609307.0
1481673600,774.897,273363.43547253,211719980.7734745,14993051.05091285,495472.0,10632616.0
1481760000,776.75215,285532.10428844,221944104.6634044,15357872.532293279,479430.0,10654351.0
1481846400,781.5683750000001,307291.63428846,240778360.04672283,17973313.885113414,495266.0,10673581.0
1481932800,788.7055,233038.68609319,184331270.31285235,17068492.255287778,458680.0,10691889.0
1482019200,788.40575,197173.82749097,155830419.3426634,10243644.93459555,418498.0,10709127.0
1482105600,789.524125,280515.0221934,221887382.5549794,15301931.73893629,508681.0,10730121.0
1482192000,793.0901375,308362.60757091,245012593.47154224,19671152.5655045,508908.0,10751122.0
1482278400,824.2189375,388618.76777929,321107915.4406717,44854043.026322275,540310.0,10772741.0
1482364800,860.599875,384847.08366064,331099339.956595,54177733.57533249,528878.0,10795676.0
1482451200,901.3182375,431035.31929554,389259376.14941627,71128607.5418054,522516.0,10818540.0
1482537600,891.6126125,223986.76289368,200327041.12922058,36632649.452525035,420206.0,10837759.0
1482624000,886.9003749999999,232569.57990743,208080003.14317763,31411463.344155725,353857.0,10853500.0
1482710400,897.335375,270013.07915095,243946016.4897173,30528384.492602374,448557.0,10871791.0
1482796800,930.376,345270.85375765,322486430.11818266,36349743.369637854,509115.0,10893168.0
1482883200,967.480375,334220.04971301,326666676.589496,58947752.62192145,514772.0,10916410.0
1482969600,963.381625,319522.21513793,309246380.6990942,49469080.76090559,512156.0,10939859.0
1483056000,952.156375,331471.42322822,316213793.6170251,55218054.01763414,496024.0,10961809.0
1483142400,959.879875,215512.42846351,207605277.46318382,20372836.66994757,449831.0,10980042.0
1483228800,997.729875,170022.21641909,170736309.72805017,33991911.05897632,355324.0,10992405.0
1483315200,1015.9771125,278211.81569905,284471581.55227864,57597031.98137848,529708.0,11012695.0
1483401600,1023.141875,329964.39351796,340688236.30729365,41550985.515730955,515023.0,11037425.0
1483488000,1126.7633375,386434.81925425,439183172.0824551,143134274.56983486,545635.0,11064485.0
1483574400,994.674875,526684.33943923,524577602.0814731,208498259.7930426,495909.0,11093917.0
1483660800,883.099175,483798.94337235,428452344.2505532,134165115.23789297,562749.0,11120224.0
1483747200,896.830375,344066.51921823,310258543.0398467,97175659.27985388,503340.0,11143505.0
1483833600,908.1490375,230638.88390195,211475099.03853697,55303632.48432932,455738.0,11166355.0
1483920000,894.18025,297521.31141367,267769180.27230301,41076985.165461,475571.0,11190916.0
1484006400,906.0569142857142,311898.39337535,284257957.7544265,31485218.71429535,541167.0,11215879.0
1484092800,785.2237375,495840.25634963,389299060.467785,131253668.4078732,491692.0,11240523.0
1484179200,803.372375,394742.84616561,317369300.8886888,76636270.25602649,483077.0,11265681.0
1484265600,826.2956625,310296.05007851,256962364.9910157,55509952.11563386,466560.0,11288454.0
1484352000,817.912875,189694.9606471,154658301.41558063,27475928.306425694,446468.0,11310109.0
1484438400,822.2076,193769.24854518,159034173.05097103,15757955.971683078,417278.0,11331053.0
1484524800,830.505125,249414.31017658,207038818.87757906,22109924.90628197,473646.0,11353117.0
1484611200,903.84575,323187.1166802,292157921.60773396,66791560.406611934,502461.0,11375964.0
1484697600,874.9949625,295532.82797803,259176379.48017278,51289482.24876107,500305.0,11398826.0
1484784000,895.798875,260588.21802822,234505943.28577545,43734448.33771,516338.0,11421609.0
1484870400,893.6210875,256692.90188916,230407548.73571002,27016866.76275787,516009.0,11442446.0
1484956800,920.4479,222988.6857433,206063844.49538353,31572727.70973658,484668.0,11462398.0
1485043200,918.603625,229821.85079932,210976459.03377578,41096750.85565452,428797.0,11482516.0
1485129600,922.0736125,215184.89071341,198400469.237764,24607895.53005694,426712.0,11505686.0
1485216000,890.320225,263431.86998189,234204104.00739932,43906538.86741937,497858.0,11527544.0
1485302400,893.045625,304488.2432251,271755757.07840174,29651242.14920385,514638.0,11549342.0
1485388800,915.95625,251581.08007285,230425627.04952404,26226846.707464296,518118.0,11570337.0
1485475200,919.27975,188459.94044311,172944033.54642877,24900535.156715058,462950.0,11591356.0
1485561600,920.31225,120787.04258111,110954977.31500764,12103240.458089076,461291.0,11611762.0
1485648000,915.933,143425.20631994,130997412.19231722,8485259.812167948,438727.0,11631342.0
1485734400,921.1793250000001,161054.23778466,147934759.5747216,14680425.28053736,449341.0,11653093.0
1485820800,964.706075,227771.61979507,219553619.75286385,50109300.357485116,523036.0,11676600.0
1485907200,979.7038749999999,271145.34475943,265703457.6901082,35717457.43385989,599052.0,11699453.0
1485993600,1007.6137125,206551.92554845,208080409.79750854,49171054.91265412,452585.0,11722629.0
1486080000,1013.027,264280.11267604,267715754.1408285,54515239.48692956,560374.0,11744910.0
1486166400,1030.9994125,212973.24356728,219852279.33450314,43595760.47694484,500098.0,11766900.0
1486252800,1014.837725,187004.44446692,189360700.46720317,32909742.49056232,510277.0,11788875.0
1486339200,1024.01375,213855.38526736,218667131.4358756,27544311.114128727,440409.0,11811899.0
1486425600,1050.1100000000001,252326.78910876,265069291.95875236,40471212.353163786,557390.0,11835231.0
1486512000,1052.3766125,256176.10035691,268446935.56400603,63366305.51740329,516490.0,11857977.0
1486598400,976.1030000000001,362368.05211338,354395954.9668856,141974564.61620772,575007.0,11880316.0
1486684800,999.1034999999999,296633.84790504,295832936.5156964,64475260.19908332,507435.0,11901993.0
1486771200,1008.8466625,162125.91361094,162450165.43816188,29598254.94199764,474676.0,11922903.0
1486857600,1000.604625,117232.79396981,116833030.14237295,14753502.29439118,422084.0,11943593.0
1486944000,999.877375,193640.68463432,193290194.99513188,29689012.949139353,503160.0,11965919.0
1487030400,1011.78025,227168.88374706,230076645.45902234,39199176.35124729,530239.0,11987965.0
1487116800,1012.3259875,199854.02097992,202631991.87154087,22919392.2049625,495896.0,12009557.0
1487203200,1035.2081249999999,209183.4262181,216881376.3029261,41105343.50097638,489189.0,12032820.0
1487289600,1055.53685,259513.03488817,274772401.33959436,50584844.50901646,550072.0,12054884.0
1487376000,1056.6371374999999,167671.19316705,177697930.51843956,29732832.51673826,510385.0,12076602.0
1487462400,1052.7792857142856,162299.8912049,171469835.05797684,18054662.2987521,458998.0,12096833.0
1487548800,1084.7550125,177737.95528138,194658608.62416738,32526100.41369879,503952.0,12119410.0
1487635200,1123.7884285714285,211907.88037714,239455904.8261682,67820657.9251045,487720.0,12142735.0
1487721600,1123.2231875,198255.61148781,223493550.8302082,59657200.093271285,489247.0,12165897.0
1487808000,1172.01715,278550.22799493,329524919.7180022,70101141.96999004,551454.0,12189249.0
1487894400,1174.86625,319779.86179592,377500126.8500836,137557162.43656254,590852.0,12212766.0
1487980800,1150.6057142857142,198406.55252016,227869925.56940377,44343352.24492109,561871.0,12237328.0
1488067200,1175.0497500000001,168919.1928246,199679377.83795965,32750847.123128362,462926.0,12259730.0
1488153600,1190.75195,221116.89378023,263969347.79483855,39226303.274664536,501496.0,12284096.0
1488240000,1187.5652857142857,214370.21734414,254779003.3135104,44954233.92674727,542156.0,12309173.0
1488326400,1222.4994000000002,234425.17026874,288085091.7432546,60151968.377197854,531642.0,12331325.0
1488412800,1259.4108166666667,345021.20794765,434381700.80609137,83439118.76588912,565741.0,12352066.0
1488499200,1285.14,330581.43064597,426416987.39023674,64767014.966313675,583122.0,12373763.0
1488585600,1267.0272,203694.74476294,257999763.7167398,30448848.511100117,489871.0,12393892.0
1488672000,1270.9333,172858.20186682,220204063.358142,27572866.812270917,524842.0,12413383.0
1488758400,1275.197375,228758.88887804,292399611.7639107,38898409.98370173,537228.0,12433044.0
1488844800,1238.4470000000001,269327.676729,333212201.6491188,102987980.74901986,571328.0,12453478.0
1488931200,1157.3933,260435.17886991,301922502.86388665,101928717.12295525,526232.0,12473057.0
1489017600,1192.4691428571427,221691.7612012,264212240.99959013,64999435.16003756,541481.0,12492436.0
1489104000,1098.6171285714286,274668.64675411,300514966.41367173,227913163.14667737,551014.0,12511003.0
1489190400,1179.159875,208984.53651967,245097064.43026894,82143460.83637705,518975.0,12528656.0
1489276800,1227.494625,174427.09894039,213603425.36240157,52464174.42203355,422478.0,12545254.0
1489363200,1239.816225,247252.04938695,305232654.9681898,67990532.0203525,516184.0,12563447.0
1489449600,1245.3707857142856,273550.07405817,340925457.2986973,51575349.191295885,561534.0,12581602.0
1489536000,1257.399625,255049.7728582,321158673.98304546,48633668.4881237,526478.0,12599825.0
1489622400,1180.945657142857,423293.50775359,498470434.73062754,125468036.18318745,594405.0,12619042.0
1489708800,1091.1718875,476895.83810503,519387257.28018814,145734375.19879827,532933.0,12639003.0
1489795200,952.2323625,380629.78813809,358857764.2565912,167014110.7836648,505650.0,12656618.0
1489881600,1029.8008125000001,245744.71242082,251863755.76009843,94921242.90584181,512175.0,12673511.0
1489968000,1049.0844875,290510.52495268,302711967.00069255,58718869.96288475,512637.0,12691470.0
1490054400,1118.6300428571428,302496.85816488,338645232.7155832,78169421.51979661,541181.0,12709860.0
1490140800,1028.7268625,370726.22267649,378214892.3745552,97353030.7961921,572753.0,12728925.0
1490227200,1038.789,301915.09373221,311908483.3347461,47857364.16172551,537474.0,12748358.0
1490313600,941.9197142857143,420627.1495177,393959388.23827785,83342548.58983836,540389.0,12767467.0
1490400000,959.3400857142857,331578.1227706,317578894.4272253,104602038.36913723,490876.0,12785093.0
1490486400,956.7863125,237293.77609117,225668754.00046358,71646630.04780254,468755.0,12800919.0
1490572800,1037.2292499999999,303796.69769049,314065026.0724285,79080569.24120276,459507.0,12818152.0
1490659200,1046.127625,409096.06396882,427464477.24102,70342663.94495207,553956.0,12836242.0
1490745600,1040.5755,257967.03423884,268053545.27757862,61677763.73387659,534779.0,12853530.0
1490832000,1037.90455,325048.83020474,338050783.4129296,65011056.2650536,521047.0,12870915.0
1490918400,1079.5493142857142,423794.82037002,458122200.8199916,75018988.16812257,489451.0,12888060.0
1491004800,1086.9295714285713,252602.18715338,275462685.0907609,40562346.19171107,502790.0,12905207.0
1491091200,1099.169125,252573.88295539,279296199.7720702,59295644.25587124,501562.0,12921247.0
1491177600,1141.813,309041.24788389,352832392.70903724,90396475.17006625,564024.0,12938853.0
1491264000,1141.6003625,299821.15178945,341916041.50068885,67370298.17887816,496730.0,12957995.0
1491350400,1133.0793142857142,322587.26112205,366491387.360761,58001639.01304203,577216.0,12976517.0
1491436800,1196.3079375,310928.71300604,373394291.4489535,92291084.78897868,548639.0,12995484.0
1491523200,1190.45425,324783.48942373,387791486.37193364,60427563.19576686,542131.0,13013593.0
1491609600,1181.1498375,165045.77107404,195546229.5685226,31335396.147668086,468193.0,13029552.0
1491696000,1208.8005,182076.11124803,221823326.33347496,45470746.36708978,489532.0,13044154.0
1491782400,1207.744875,227965.84717279,276910114.56078804,41204040.55288183,548200.0,13060756.0
1491868800,1226.6170375,287518.62478869,356178072.3882292,39985187.81933621,582103.0,13078292.0
1491955200,1218.92205,263669.09990781,324655762.7164864,41882984.8895408,548651.0,13095200.0
1492041600,1180.0237125,248404.68272295,295378008.2258598,61700362.55843429,449521.0,13112613.0
1492128000,1185.2600571428572,296751.88904413,357882778.18722075,43219939.69092474,558990.0,13129058.0
1492214400,1184.8806714285713,231541.1593159,277386308.8604482,21547006.668841098,520821.0,13143766.0
1492300800,1186.9274125,205031.12669603,248846278.4709716,19916836.26311818,429263.0,13157931.0
1492387200,1205.634875,282897.44959563,350736258.00866205,45260449.243080854,469209.0,13174781.0
1492473600,1216.1867428571427,282978.36157806,358703371.13634884,51782316.24403811,553138.0,13193214.0
1492560000,1217.9300875,250893.42365191,318007414.47879595,38464163.437011,566248.0,13210892.0
1492646400,1241.6863250000001,280159.86952511,362526871.16549236,61652281.026328936,491206.0,13228570.0
1492732800,1258.3614125,259347.85571417,343765582.74913234,42287714.16804253,612635.0,13245107.0
1492819200,1261.311225,176541.94408056,237925578.0373707,47589977.23383464,530089.0,13261327.0
1492905600,1257.9881125,159473.77433973,216214543.24980593,48203962.263300814,490003.0,13277259.0
1492992000,1262.902775,218198.46856078,275563451.4461593,39096538.33477005,449880.0,13295023.0
1493078400,1279.4146875000001,306659.17747446,392344255.7174933,45876269.76824805,580200.0,13313643.0
1493164800,1309.109875,286080.06265388,374510235.060813,64754541.495937236,606556.0,13332202.0
1493251200,1345.3539125,299790.68872916,403324576.01284504,62204334.61485792,554691.0,13350970.0
1493337600,1331.2944285714286,317159.21835551,422232300.3667596,61518505.25318574,582826.0,13369326.0
1493424000,1334.9790375,268392.2710741,358298055.7109411,45569576.92016287,634025.0,13386157.0
1493510400,1353.0045,199722.12699511,270224936.5739553,43853713.714990795,526652.0,13401555.0
1493596800,1417.1728125,312196.23083799,442436010.50857353,102136864.53701383,542847.0,13419295.0
1493683200,1452.0762875,316525.2120617,459618754.83070356,86306466.16076525,609090.0,13439324.0
1493769600,1507.5768571428573,317492.17304151,478643852.40137583,98768076.02241386,547221.0,13459052.0
1493856000,1508.292125,397991.61086844,600287612.4889325,178681011.55674708,676230.0,13480936.0
1493942400,1533.3350714285714,373364.40609694,572492738.2915376,136654833.4594339,523629.0,13503518.0
1494028800,1560.4102,303559.11870245,473676745.12631375,68907283.75413479,677421.0,13523985.0
1494115200,1535.8684285714285,276993.75885732,425425969.14028525,62492472.18849168,581369.0,13542684.0
1494201600,1640.619225,438151.01403153,718838977.0733728,139627613.28551883,691480.0,13564021.0
1494288000,1721.2849714285715,442341.02894682,761394965.372412,167512042.52841023,621156.0,13587310.0
1494374400,1762.88625,416118.5243082,733569624.8732165,131817395.91052718,592447.0,13611433.0
1494460800,1820.9905625,364410.76342711,663588561.0741874,151505814.83102825,568521.0,13634929.0
1494547200,1720.4785,343919.54287192,591706179.2409666,139214052.65164253,600568.0,13658065.0
1494633600,1771.9200125,250751.31640067,444311275.6910667,111469417.308369,623293.0,13681547.0
1494720000,1776.3165,246099.90830126,437151327.7640151,61547076.230614714,691330.0,13703661.0
1494806400,1723.1269375,401257.57947956,691417744.0772771,102816017.7328264,636246.0,13728806.0
1494892800,1739.031975,332635.73045983,578464171.2971259,108385267.36933565,453290.0,13754432.0
1494979200,1807.4850625,518560.40861632,937290192.5778947,132248945.78021987,591515.0,13780592.0
1495065600,1899.0828875,356585.58290426,677185578.4226928,110766531.51847771,570189.0,13805977.0
1495152000,1961.5204875,437720.10435873,858596952.490287,154137281.04762277,633617.0,13831826.0
1495238400,2052.9097875,331908.79839663,681378820.7858061,136549462.17992795,646325.0,13855725.0
1495324800,2046.5344625,266554.69422871,545513367.8802049,128454137.15352945,608719.0,13880971.0
1495411200,2090.6623125,425013.92921845,888560604.104556,295717901.86295235,604610.0,13911418.0
1495497600,2287.7102875,448744.85299926,1026598216.6690824,203482045.58008078,687290.0,13948531.0
1495584000,2379.1938333333333,450541.37638858,1071925264.3652219,248904779.14844665,631835.0,13984593.0
1495670400,2387.2062857142855,506576.47791631,1209302552.2768192,401279047.70303935,659055.0,14025468.0
1495756800,2211.976857142857,427853.65763293,946402388.9279644,324426983.6410173,641520.0,14060114.0
1495843200,2014.0529625,320932.55895422,646375171.1244526,321289966.61279124,651462.0,14086510.0
1495929600,2192.9808,236729.17066887,519142526.07675505,185870201.0672532,592662.0,14109805.0
1496016000,2275.9307,252272.09723391,574153810.8480408,133826839.14723794,594355.0,14137661.0
1496102400,2239.2053428571426,399669.58091842,894942260.9700011,148703191.10427397,634488.0,14164776.0
1496188800,2285.9339142857143,373509.98690076,853819146.3808601,204425185.1255558,614126.0,14191518.0
1496275200,2399.2426714285716,394084.67517878,945504768.844997,198826825.00748628,610354.0,14218866.0
1496361600,2446.142414285714,296956.94054565,726398967.4852356,122456001.78464411,534561.0,14245077.0
1496448000,2525.7651584699997,324123.98086806,818661057.9011428,129006639.1283743,601583.0,14268112.0
1496534400,2516.173142857143,249413.35979832,627567197.3942982,120095754.43380383,537387.0,14290963.0
1496620800,2698.3138125,295172.70586174,796468589.2997327,168803116.2943173,576032.0,14316618.0
1496707200,2883.3136966371426,307402.77109944,886338620.2952278,371264851.94856316,617593.0,14345800.0
1496793600,2664.9208625,331375.38349026,883089172.7821319,205713695.0411865,657364.0,14375398.0
1496880000,2792.9991875,290137.13023306,810352769.0045183,174094195.56920913,609712.0,14401811.0
1496966400,2827.4913,240141.37976078,678997662.0436015,108367646.93500721,571964.0,14427305.0
1497052800,2845.3728571428574,235847.89724848,671075205.2450426,154123952.09749928,516474.0,14451045.0
1497139200,2961.8296124999997,221919.00747566,657286287.9180186,181774994.37694332,467561.0,14474934.0
1497225600,2657.6750625,316030.55631783,839906528.5138986,393739719.8560203,538624.0,14504349.0
1497312000,2748.185085714286,308894.41280565,848899018.3329592,204283558.77325466,611325.0,14533360.0
1497398400,2447.0415625,307843.1224549,753304915.3769174,268520562.44632876,565868.0,14559986.0
1497484800,2442.48025,299371.01404504,731207789.2274828,435834778.6454966,577610.0,14587846.0
1497571200,2464.9598142857144,253325.07100154,624436119.9698714,195907758.54303885,536165.0,14613236.0
1497657600,2665.927,201087.12132022,536083586.0798502,158849628.78788093,477378.0,14635922.0
1497744000,2507.389252144286,208500.29865902,522791407.9265004,146939437.21946678,433246.0,14657444.0
1497830400,2617.2102625,233129.0732389,610147802.9679632,146249310.0476668,532642.0,14683513.0
1497916800,2754.97825,258544.74981891,712285162.4027885,204123502.96961603,594425.0,
1498003200,2671.04325,308347.88784242,823610544.4732531,208033200.75403142,585194.0,
1498089600,2727.2880125,253845.76609373,692310514.8913088,143429984.70501465,534177.0,
1498176000,2710.4122857142856,204918.92534913,555414772.8416505,91452068.35525821,506612.0,
1498262400,2589.1648875,160292.30208351,415023200.2911672,146373123.47503456,469727.0,
1498348800,2512.3662857142854,202855.97048157,509648501.09374875,135111001.58831695,378448.0,
1498435200,2436.4510571428573,285169.5864067,694801740.2655957,237329706.38785124,515883.0,
1498521600,2517.9031142857143,288802.47535433,727176652.1080906,239311708.3413396,556158.0,
1498608000,2585.349185714286,279697.55591561,723115848.4326982,157399624.66481197,549136.0,
1498694400,2544.414475,239702.98533171,609903745.5787156,107906654.0618434,467647.0,
1498780800,2477.641375,303255.86546903,751359279.4975026,103718383.04063688,533427.0,
1498867200,2434.0778625,207610.57403305,505340302.27476436,105511589.73927331,440616.0,
1498953600,2501.191342857143,188590.97610916,471702116.78520924,96748666.51122706,409305.0,
1499040000,2561.225428571429,232652.8030842,595876275.2876743,131455113.20711017,497458.0,
1499126400,2599.7298375,218824.71327885,568885136.2934088,130187106.93450896,548401.0,
1499212800,2619.1875030042856,278939.28636151,730594292.9350008,119861961.70348343,476016.0,
1499299200,2609.96775,206326.43151146,538505332.2174942,93522266.98794703,459294.0,
1499385600,2491.201214285714,287325.35650684,715785277.0249153,116912656.4443124,559413.0,
1499472000,2562.1306624999997,218043.17962244,558655116.2596486,91133549.9590164,451048.0,
1499558400,2536.2389375,256245.374237,649899495.6941388,56620250.183561996,390402.0,
1499644800,2366.1701428571428,290340.44612291,686994894.8798525,163706108.82153362,567052.0,
1499731200,2369.8621285714285,274884.66552628,651438758.5557551,184411999.56184912,563334.0,
1499817600,2385.7485714285717,238240.26823744,568381379.6042322,153172924.85336658,513002.0,
1499904000,2354.7834166666667,188415.37831089,443677408.2914601,106346343.51029706,489848.0,
1499990400,2190.947833333333,222073.27749605,486550966.1712028,133121604.15202287,473082.0,
1500076800,2058.9955999999997,217740.56141369,448326857.8923175,205297978.82580423,446599.0,
1500163200,1931.2143,238872.7911214,461314550.09456074,152530374.28804657,406436.0,
1500249600,2176.6234875,261954.17112031,570175601.509061,242313696.00736725,475431.0,
1500336000,2320.12225,267137.09795138,619790724.7574261,262461203.84922445,561055.0,
1500422400,2264.7657,258217.49167811,584802118.292619,186988238.2237867,519400.0,
1500508800,2898.1884166666664,260620.10265072,755326162.6527942,281540460.6510425,477427.0,
1500595200,2682.1953625,253053.57998798,678739138.7077827,384806565.89971805,542764.0,
1500681600,2807.609857142857,177447.78049873,498204137.65635633,215642445.09162393,433135.0,
1500768000,2725.549716666667,155550.21819622,423959853.13214564,169964412.20341045,353197.0,
1500854400,2751.821028571429,200745.03152739,552414399.1383063,139976350.7537848,469352.0,
1500940800,2560.9979166666667,296056.23190559,758199393.1263995,288015952.52724457,511831.0,
1501027200,2495.028585714286,271020.03428842,676202732.8508738,176626997.82260647,460146.0,
1501113600,2647.625,312691.77266599,827890554.6047918,146490393.91523167,443425.0,
1501200000,2781.636583333333,477537.03043209,1328334473.7462647,232077673.06113806,487086.0,
1501286400,2722.512785714286,341085.52993273,928609716.2639903,127294021.51886895,416822.0,
1501372800,2745.955416666666,408316.71911196,1121219506.5610483,152859034.1212597,386558.0,
1501459200,2866.431666666667,618414.99003852,1772644310.587765,127009234.07663846,485988.0,
1501545600,2710.4130666666665,505161.32127589,1369195845.9607701,214878001.37883702,301131.0,
1501632000,2693.6339833333336,524484.35295545,1412768876.8473947,117440138.30737165,403175.0,
1501718400,2794.117716666666,347500.15006616,970956325.8441828,113131475.0368071,427728.0,
1501804800,2873.8510833333335,416334.92143627,1196484564.9991229,106217903.3954463,467900.0,
1501891200,3218.1150166666666,305693.18522792,983755829.8746343,344352179.13661176,463849.0,
1501977600,3252.5625333333332,321040.55690193,1044204487.0596856,122798187.41230571,408435.0,
1502064000,3407.2268333333336,406656.61751305,1385571339.143034,198345493.0300774,512717.0,
1502150400,3457.374333333333,360275.33482536,1245606695.5582724,241759565.088791,587787.0,
1502236800,3357.326316666667,240405.45275459,807119553.20315,199170113.9757855,532314.0,
1502323200,3424.4042000000004,281254.30230846,963128414.0931603,153824056.618621,550474.0,
1502409600,3632.5066666666667,272963.77444305,991542730.4228753,195208159.0426822,580987.0,
1502496000,3852.8029142857145,225972.98654355,870629381.104836,332122906.1376139,530699.0,
1502582400,4125.54802,224562.88412238,926444961.9565743,381628414.1546703,516470.0,
1502668800,4282.992,203972.34514715,873611922.4864823,168021272.43739656,542909.0,
1502755200,4217.028328571429,286004.19119451,1206087776.3574076,592573698.1099374,650899.0,
1502841600,4360.876871428572,225303.95287487,982522797.1334535,341988374.47941643,543436.0,
1502928000,4328.725716666667,304554.25517204,1318331836.4834719,351792037.6683817,631515.0,
1503014400,4130.440066666667,275331.80887693,1137241535.0130806,373082615.7580361,580732.0,
1503100800,4222.662214285714,313472.69392998,1323689299.868477,322665040.3965485,535350.0,
1503187200,4157.958033333333,181583.87597231,755018135.82287,177654410.0991067,444725.0,
1503273600,4043.722,202649.23936119,819457187.4881101,123200186.5123889,501755.0,
1503360000,4082.180983333333,215933.01456173,881477645.717734,504190986.2284156,419158.0,
1503446400,4174.95,253757.86221134,1059426386.8392339,257486335.94864237,628516.0,
1503532800,4340.316716666667,174190.8736831,756043560.9375308,218844386.90985695,423332.0,
1503619200,4363.05445,175375.84051831,765174341.3959026,246665524.6292582,471224.0,
1503705600,4360.5133166666665,159815.1929658,696876277.1330239,139377309.63647735,472784.0,
1503792000,4354.308333333333,179468.16791116,781459739.10363,112660557.88651253,509082.0,
1503878400,4391.673516666667,210661.0287116,925154460.78649,209634566.49566853,504370.0,
1503964800,4607.98545,248443.81227569,1144825472.108911,317010671.8548901,593017.0,
1504051200,4594.98785,219995.30221876,1010875740.7522804,202687613.63990694,565808.0,
1504137600,4748.255,251079.61705344,1192190047.0720818,220351499.90188968,589297.0,
1504224000,4911.740016666667,250015.72065525,1228012219.9381464,338585244.3527807,591520.0,
1504310400,4580.387479999999,200475.91684273,918257379.5479615,440710136.09662324,536081.0,
1504396800,4648.159983333334,171234.72742958,795926407.7951646,308302328.0212997,437076.0,
1504483200,4344.0983166666665,327474.10651346,1422579714.8570423,513527217.62500376,561328.0,
1504569600,4488.72014,312706.91971194,1403653848.428348,467133132.4971322,601576.0,
1504656000,4641.822016666666,290191.55564021,1347017552.0214765,384503428.8177615,587813.0,
1504742400,4654.6585000000005,271002.52448286,1261424204.1056025,222544560.6030448,526959.0,
1504828800,4310.750183333334,237606.1057972,1024260564.1263994,503768705.75522035,606485.0,
1504915200,4375.55952,177865.07807325,778259235.6389524,117381164.67126147,452503.0,
1505001600,4329.955,202190.24353681,875474655.9534281,331793077.94070375,412029.0,
1505088000,4248.090016666666,199829.21737278,848892503.3596199,250115590.4300298,537474.0,
1505174400,4219.036616666667,214844.90570682,906438524.081371,311636501.2654974,549109.0,
1505260800,3961.2712666666666,253233.20588187,1003125422.2257359,541722553.5428387,543777.0,
1505347200,3319.6299999999997,268015.09325095,889710944.008651,736178849.3809645,552954.0,
1505433600,3774.2652833333336,398314.8351992,1503345854.3289788,1267434715.9679632,637364.0,
1505520000,3763.62604,200156.99323125,753316071.8132362,474370445.6741123,486762.0,
1505606400,3746.060783333333,152686.24196026,571971943.1618744,249840870.73816603,433778.0,
1505692800,4093.316666666667,204865.32804505,838578661.7089373,425335356.12640965,481944.0,
1505779200,3943.4133333333334,217573.26794229,857981325.7805322,349157038.32297957,578178.0,
1505865600,3977.5616666666665,185140.23704425,736406709.8247888,229919029.84766248,480582.0,
1505952000,3658.8981833333332,188302.13751506,688978348.8716365,385065464.59772885,533108.0,
1506038400,3637.5025499999997,198889.92837967,723462621.6503669,317303697.7252074,515183.0,
1506124800,3776.3869,131990.54339702,498447359.0083878,179361985.99126774,427804.0,
1506211200,3703.0406500000004,97112.70530596,359612295.3794406,138592392.42948055,383448.0,
1506297600,3942.5550000000003,257132.18201588,1013757769.8676178,284073950.9391744,505248.0,
1506384000,3910.3073833333333,197991.63520779,774208152.9912612,175299977.81306127,544621.0,
1506470400,4202.554983333333,171774.68540903,721892560.1762347,357673848.68951017,548154.0,
1506556800,4201.98905,200215.26199905,841302338.5628893,275531143.16024274,561792.0,
1506643200,4193.574666666666,173950.30273959,729473582.8277419,289284083.40954936,569237.0,
1506729600,4335.368316666667,152977.6778886,663214577.8754754,222088521.6719822,467807.0,
1506816000,4360.722966666667,114609.74281977,499781337.7179312,171779832.26780057,416589.0,
1506902400,4386.88375,193317.80496273,848062737.1766696,250398347.64562908,606137.0,
1506988800,4293.3066,161042.77865506,691406024.4821082,256471830.90792736,591541.0,
1507075200,4225.175,140052.46334532,591746166.8150624,204003764.2335958,496067.0,
1507161600,4338.852,187702.46646302,814413222.0180073,87904264.41542768,552622.0,
1507248000,4345.6033333333335,164357.36732411,714231923.3015436,205812106.35166645,609682.0,
1507334400,4376.191666666667,126440.90615085,553329639.8231318,89524651.87038891,505784.0,
1507420800,4602.280883333334,146926.16652954,676195487.4803518,282133882.84246814,496285.0,
1507507200,4777.967816666666,234154.70571002,1118783648.00353,397258570.199554,585027.0,
1507593600,4782.28,245520.32265177,1174146928.6111066,347920434.56,613363.0,
1507680000,4819.485766666667,173808.05965199,837665469.6247169,296445764.4234614,604454.0,
1507766400,5325.130683333333,207938.59265468,1107300179.9945877,680358364.3266706,588009.0,
1507852800,5563.806566666666,260329.37920745,1448422309.530667,953598649.4834647,660223.0,
1507939200,5739.438733333333,178337.0127742,1023554358.703205,328701504.6636471,594481.0,
1508025600,5647.311666666667,153804.2321925,868580434.8434143,490476846.89475596,578160.0,
1508112000,5711.205866666667,201231.38016053,1149273838.9302495,322723336.5566526,643456.0,
1508198400,5603.71294,198287.46999735,1111146061.4640121,322503478.1204792,670954.0,
1508284800,5546.176100000001,251680.67712718,1395865356.3145826,627801313.9179745,646477.0,
1508371200,5727.6335,252888.26382781,1448451291.6570027,376178013.95121515,692404.0,
1508457600,5979.45984,187097.57800228,1118742453.8259008,583507046.8574011,644654.0,
1508544000,6020.371683333334,154383.959911,929448820.609053,555571195.7118287,606416.0,
1508630400,5983.184550000001,168281.94952755,1006861960.4571171,469066735.29201514,573796.0,
1508716800,5876.079866666667,407836.91191003,2396482266.958034,633277065.0849246,640545.0,
1508803200,5505.827766666666,381933.95784933,2102862590.159737,628021830.3437077,716443.0,
1508889600,5669.622533333334,376845.26704582,2136570417.622999,446193087.80574757,636240.0,
1508976000,5893.138416666666,334373.01281081,1970506447.2919595,450583865.77724534,555497.0,
1509062400,5772.504983333333,165001.2667461,952470634.5481749,402366481.7965357,552374.0,
1509148800,5776.6969500000005,111675.11575108,645113300.5501609,278764450.6401858,440621.0,
1509235200,6155.43402,212275.09596066,1306645347.275011,572711007.5335968,666706.0,
1509321600,6105.87422,275383.1152717,1681454664.1607614,144588378.86395484,672642.0,
1509408000,6388.645166666666,248790.18861326,1589432235.9981916,454449998.2659176,611373.0,
1509494400,6665.306683333333,190517.26503418,1269855999.9227078,630017228.4715976,733878.0,
1509580800,7068.020100000001,338534.06749591,2392765593.5958486,1143999865.200707,704944.0,
1509667200,7197.72006,232314.53795784,1672135010.0887764,374814688.9945792,670928.0,
1509753600,7437.543316666666,191510.11186111,1424364752.5466843,563573963.1487608,588058.0,
1509840000,7377.012366666667,177541.60764676,1309726635.2080297,568573468.1529733,555458.0,
1509926400,6989.071666666667,224420.65196173,1568492020.0405884,832822399.364463,608650.0,
1510012800,7092.127233333333,257469.89311157,1826009240.699988,533993339.4799873,714349.0,
1510099200,7415.878250000001,254715.51816678,1888939271.110504,1261823617.3145914,646100.0,
1510185600,7158.03706,316706.97361926,2267000254.3271055,528018381.56556165,727945.0,
1510272000,6719.39785,289374.0331392,1944419256.1213694,1128392930.682508,619943.0,
1510358400,6362.851033333333,211248.9548132,1344145630.4237561,805734191.0403882,455431.0,
1510444800,5716.301583333334,322635.53941077,1844282044.7733889,1601736904.2787657,467890.0,
1510531200,6550.227533333334,322934.81181397,2115296495.8156848,1259093767.510772,694828.0,
1510617600,6635.412633333333,276286.80002385,1833276923.3014946,597502689.3669903,604054.0,
1510704000,7301.42992,318338.97617742,2324329725.3639817,925948609.9534755,709142.0,
1510790400,7815.0307,300898.31807936,2351529593.3685637,1167106378.1773658,677301.0,
1510876800,7786.884366666666,360016.34646171,2803405660.0071397,1009820547.5464566,684253.0,
1510963200,7817.1403833333325,252240.6049484,1971800219.2585673,541082170.8748473,614839.0,
1511049600,8007.654066666667,201102.44079787,1610358777.8716562,541743546.8099738,603429.0,
1511136000,8255.596816666666,290024.01987093,2394321375.2033195,546752953.4571438,734768.0,
1511222400,8059.8,315977.96946488,2546719238.29304,1004515766.6482553,753813.0,
1511308800,8268.035,209312.64225555,1730604252.1113663,494283581.3226505,673818.0,
1511395200,8148.95,301334.55632408,2455560232.7571115,425395614.83598435,747161.0,
1511481600,8250.978333333334,326194.79733613,2691426205.2664666,644675714.7939754,698358.0,
1511568000,8707.407266666667,272023.83708873,2368622335.7729573,677327101.0766498,697525.0,
1511654400,9284.1438,243954.91839899,2264912543.133489,183816238.4787574,712606.0,
1511740800,9718.29505,351226.30299864,3413320841.8614836,1100089826.5007603,829650.0,
1511827200,9952.50882,326641.43863906,3250901799.0327334,824886242.4418215,816744.0,
1511913600,9879.328333333333,401449.92007985,3966055569.8592644,3006736495.2808194,903004.0,
1512000000,10147.372,342989.77351868,3480444824.0897946,2130663923.372405,851419.0,
1512086400,10883.912,246207.09749195,2679696382.8778048,1589331512.9417427,869274.0,
1512172800,11071.368333333332,179323.62857233,1985357942.7941227,965994254.3562113,683882.0,
1512259200,11332.622,178200.72874838,2019481499.0299237,592011274.2160677,762992.0,
1512345600,11584.83,224534.76332377,2601197062.1961102,1283672891.399018,885109.0,
1512432000,11878.433333333334,224596.15062817,2667850402.160009,999891969.54149,891235.0,
1512518400,13540.980000000001,267883.09243663,3627399597.022558,1982715220.4509902,978251.0,
1512604800,16501.971666666668,340308.56761298,5615762340.673314,4548758961.588786,869098.0,
1512691200,16007.436666666666,299816.95225019,4799300874.737941,3800432531.580915,902011.0,
1512777600,15142.834152123332,256978.97309502,3891389970.1608515,2195860926.731846,877574.0,
1512864000,14869.805,240250.79800539,3572482517.4345384,2539286892.7016764,739391.0,
1512950400,16762.116666666665,254835.48340836,4271582103.6973276,2487997751.019463,867654.0,
1513036800,17276.393333333333,333417.11714816,5760245259.91769,1992977378.0013492,867771.0,
1513123200,16808.366666666665,277147.44766784,4658395921.1318655,2027550684.5009563,958476.0,
1513209600,16678.892,215114.76966373,3587876010.826229,610207126.6876411,1072861.0,
1513296000,17771.899999999998,237114.58974744,4213976777.5325284,2066395216.5763328,942513.0,
1513382400,19498.683333333334,183692.72378102,3581766251.6435785,1636509991.671891,819304.0,
1513468800,19289.785,262597.62854759,5065451796.192873,1641066517.685792,877464.0,
1513555200,18961.856666666667,257014.99948953,4873481581.503874,2021140821.0929716,922523.0,
1513641600,17737.111666666668,212627.84463853,3771403823.796258,2215330000.929072,887697.0,
1513728000,16026.271666666667,321480.90606417,5152140336.230536,2752775707.1146574,853863.0,
1513814400,16047.51,228091.56174431,3660301618.007432,1989091729.4332354,840739.0,
1513900800,15190.945,291040.97295675,4421187412.932477,5352015515.542298,890731.0,
1513987200,15360.261666666667,160500.92664724,2465336231.0440793,1967536506.4005926,729637.0,
1514073600,13949.175000000001,182640.77134053,2547688081.564038,1798168177.648421,652209.0,
1514160000,14119.028333333334,178454.3545159,2519602087.6167035,1134112808.2412252,565074.0,
1514246400,15999.048333333332,198300.04538861,3172612010.674565,1745062014.3506472,605853.0,
1514332800,15589.321666666665,301139.85275459,4694566031.243938,1619268857.168229,749191.0,
1514419200,14380.581666666667,251609.98992955,3618298008.3310714,1883494461.4293745,741488.0,
1514505600,14640.14,251563.85726051,3682930089.233883,1274049463.7163732,838925.0,
1514592000,13215.573999999999,298339.39351421,3942726332.102162,1728481566.8689675,815099.0,
1514678400,14165.574999999999,234540.65257197,3322403204.5571833,1142728354.646587,678712.0,
1514764800,13812.186666666666,184794.66267849,2552418375.919004,744866630.5094119,593282.0,
1514851200,15005.856666666667,234989.05082007,3526212014.8420196,1567582731.903526,850801.0,
1514937600,15053.261666666665,189339.12821418,2850171440.7466006,1138506779.2035935,937530.0,
1515024000,15199.355000000001,266691.83551222,4053543883.551839,1371803859.924131,1054711.0,
1515110400,17174.12,300697.15059168,5164208947.919583,1764169571.11057,888402.0,
1515196800,17319.198,227080.97000697,3932860281.5827746,1024721001.2487963,889098.0,
1515283200,16651.471666666668,294130.97774182,4897713642.156879,946406884.7515358,910004.0,
1515369600,15265.906666666668,264641.99579704,4040000007.918005,1742246003.5464456,895996.0,
1515456000,14714.253333333334,257849.82199834,3794067602.838481,1182426648.294293,919149.0,
1515542400,15126.398333333333,259905.10710957,3931428179.007021,1634548780.4014,876989.0,
1515628800,13296.794,270807.50844021,3600871653.382734,1663185737.5560942,822010.0,
1515715200,13912.882000000001,234452.1163729,3261904629.746426,1014053986.1381412,747265.0,
1515801600,14499.773333333333,180298.68340152,2614290041.6204686,740504186.9595935,652049.0,
1515888000,13852.92,193346.28656227,2678410640.0442014,804914641.6120825,592041.0,
1515974400,14012.196,201862.47414349,2828536552.743514,758546178.5825682,670839.0,
1516060800,11180.998333333331,270270.01331951,3021888568.475418,2762626868.9217606,737398.0,
1516147200,11116.946666666669,252411.08628886,2806040584.348655,2926596198.2111597,768381.0,
1516233600,11345.423333333332,238995.69354635,2711507318.1269417,1771113579.4696858,744189.0,
1516320000,11422.44,219156.11789884,2503297607.332426,1064413369.5978014,578406.0,
1516406400,12950.793333333333,208079.36339744,2694792832.29181,1097313787.3573146,559711.0,
1516492800,11505.228,154149.93558558,1773530155.0974114,436195518.92766696,522861.0,
1516579200,10544.593333333332,199105.88767649,2099490615.820932,1210203940.8799615,574420.0,
1516665600,11223.064,178482.55919668,2003121184.7481282,1305109027.9785473,547568.0,
1516752000,11282.258333333333,186181.46222014,2100547353.6453598,921820890.74857,576212.0,
1516838400,11214.44,189321.54466837,2123135103.3907554,772706342.7640659,539581.0,
1516924800,10969.815,257282.17657471,2822337879.8219023,1135179206.750647,514621.0,
1517011200,11524.776666666667,119799.46114961,1380662034.5362651,763094646.009555,541699.0,
1517097600,11765.71,163590.56936025,1924759197.827587,738104166.8668789,492738.0,
1517184000,11212.654999999999,160557.7064546,1800278170.0667028,611119735.3108903,532630.0,
1517270400,10184.061666666666,172755.80708102,1759355792.5878778,1266284116.12824,531440.0,
1517356800,10125.013333333334,159867.33063111,1618658854.2043974,933239777.885645,481100.0,
1517443200,9083.258333333333,276923.32069705,2515366060.4158187,1509688358.173765,591550.0,
1517529600,8901.901666666667,330740.21918547,2944216908.400834,2213436748.092759,551198.0,
1517616000,9076.678333333333,164374.02442505,1491970146.0616555,952403804.977636,436196.0,
1517702400,8400.648333333333,193244.2139699,1623376684.0125504,1080682794.7357142,396694.0,
1517788800,6838.816666666667,257109.29930635,1758323361.2512548,1793319477.2540278,486553.0,
1517875200,7685.633333333334,286153.34031496,2199269650.769334,3094258118.1919785,589896.0,
1517961600,8099.958333333333,208207.33171103,1686470711.5538552,1670287563.7429032,489402.0,
1518048000,8240.536666666667,214089.82691395,1764215068.6447253,1336661910.5091228,398607.0,
1518134400,8535.516666666668,199472.83091889,1702603672.855368,1093134650.4219353,462086.0,
1518220800,8319.876566184,116211.04863108,966861580.2373918,918540174.4693165,421547.0,
1518307200,8343.455,85791.95131833,715801285.186677,796391653.708568,368624.0,
1518393600,8811.343333333332,181029.65408874,1595114435.6904585,836623674.3131925,437380.0,
1518480000,8597.7675,146929.34577495,1263264353.9001274,188454378.60299003,414749.0,
1518566400,9334.633333333333,148097.50308228,1382435888.8552868,915165499.846264,450367.0,
1518652800,9977.154,129180.36109087,1288852356.379218,1282426210.891208,475029.0,
1518739200,10127.161666666667,106729.74900057,1080869422.7715275,866501985.7084646,422415.0,
1518825600,10841.991666666667,80893.89617716,877050948.2369672,973554319.9083946,401860.0,
1518912000,10503.298333333334,79660.08197503,836693606.2415293,1377347061.4161527,378869.0,
1518998400,11110.964999999998,103474.27024173,1149698995.0564034,1020588579.3383632,436341.0,
1519084800,11390.391666666668,130404.45595898,1485357828.4513664,1258473015.5963838,455116.0,
1519171200,10532.791666666666,145459.85457672,1532098344.1202216,1601103155.9094486,459675.0,
1519257600,9931.071666666667,252887.92526631,2511448109.4543686,1395055528.707782,499533.0,
1519344000,10162.116666666667,176140.06179426,1789955857.627146,1156539785.8885357,424502.0,
1519430400,9697.956,167742.75814358,1626761887.7950804,814952720.426771,355221.0,
1519516800,9696.593333333332,76301.01273475,739859891.4103585,619244270.7229553,355805.0,
1519603200,10348.603333333334,107085.77636762,1108188222.2705402,982054724.8043953,435989.0,
1519689600,10763.883333333333,139296.16827184,1499367704.058454,820239742.1576885,494787.0,
1519776000,10370.164999999999,201960.973615,2094368619.9481962,871257587.9600855,469400.0,
1519862400,11009.381666666668,183325.63970063,2018301936.750055,790675903.7454846,514904.0,
1519948800,11055.815,119142.88175309,1317221659.2290387,673860238.90624,524246.0,
1520035200,11326.948333333334,91342.44597485,1034631166.1974173,663520514.0089278,416966.0,
1520121600,11430.181666666665,92256.73089834,1054511194.140806,542742758.5116323,383191.0,
1520208000,11595.54,136451.97474105,1582234331.1888351,652061173.890632,457316.0,
1520294400,10763.198333333334,118687.70420192,1277459300.053265,969993576.7318369,453773.0,
1520380800,10118.058,156169.96115303,1580136724.8041043,1355596866.815812,474916.0,
1520467200,9429.111666666666,143088.24488397,1349195039.1982985,1231498466.0360353,439933.0,
1520553600,9089.278333333334,209728.19023956,1906277895.4336443,1735625689.9003196,487166.0,
1520640000,8746.002,108717.98334596,950847699.779733,870115563.806644,354482.0,
1520726400,9761.396666666666,104178.07888648,1016923551.9822228,1205268901.9546967,349040.0,
1520812800,9182.843333333332,118997.92975073,1092739345.8919592,1145556674.728174,426764.0,
1520899200,9154.699999999999,154955.23254873,1418568667.4138584,1013634517.5790632,419994.0,
1520985600,8151.531666666667,149873.07575817,1221695123.023455,1157902505.0164309,418368.0,
1521072000,8358.121666666666,148147.95039108,1238238594.035944,1315209565.0947168,459149.0,
1521158400,8530.402,114974.96979622,980782712.2996147,771954415.4188056,457060.0,
1521244800,7993.674643641666,87993.26011963,703389492.2296517,711706325.7031032,352698.0,
1521331200,8171.415,106127.31842263,867210361.6684551,1270330308.3404047,382257.0,
1521417600,8412.033333333333,133484.38561782,1122875101.2966223,1183523625.1592457,421647.0,
1521504000,8986.948333333334,115375.49575866,1036873619.3157966,968836842.5813378,423962.0,
1521590400,8947.753333333334,115928.98619575,1037303972.6629761,770717053.190813,424455.0,
1521676800,8690.408333333333,112702.15144632,979427716.1136947,826892556.9047964,418187.0,
1521763200,8686.826666666666,110642.21472773,961129741.3559042,734259108.9042656,430896.0,
1521849600,8662.378333333334,69750.85752156,604208316.9261818,638996171.2272326,360666.0,
1521936000,8617.296666666667,105796.39601106,911678930.691454,497976127.7519874,318932.0,
1522022400,8197.548333333334,123720.4144087,1014204076.9353482,898113449.0403993,416731.0,
1522108800,7876.195,118459.94509903,933013627.2892545,706985634.7361835,414090.0,
1522195200,7960.38,107067.81685399,852300507.928165,526257701.60659367,395195.0,
1522281600,7172.28,146222.17263219,1048746364.3264036,1093751115.3311026,428777.0,
1522368000,6882.531666666667,177530.33854903,1221858176.857753,1352337905.1215136,449629.0,
1522454400,6935.48,79395.44221813,550645501.5949962,754226245.4255953,332752.0,
1522540800,6794.105,86133.15555435,585197702.817587,722273399.9422678,316428.0,
1522627200,7035.848333333332,109735.64843827,772083379.1716545,607508836.2282234,377673.0,
1522713600,7410.435,133821.48108181,991675387.1604826,750173781.591549,435410.0,
1522800000,6787.761666666666,110471.84036662,749856523.2866625,678823367.2390053,432977.0,
1522886400,6826.509999999999,112177.22907878,765778976.0785824,609341543.7440615,398397.0,
1522972800,6603.876666666667,107182.63039929,707820871.9658287,462008926.0509123,471570.0,
1523059200,6927.688,94399.59319229,653970928.9631091,182056053.35506067,331188.0,
1523145600,7017.656666666667,78142.05670831,548374125.2061164,326416046.9776088,311299.0,
1523232000,6699.2733333333335,114599.80059914,767735388.1591359,753187037.3023131,384889.0,
1523318400,6787.571666666667,119959.66319398,814234811.0383348,315236593.3233505,414048.0,
1523404800,6926.266666666666,136346.39216391,944371471.165151,307821267.9258925,399072.0,
1523491200,7847.845,181845.79471625,1427097610.834949,1299643867.9862459,442157.0,
1523577600,7895.408333333333,144308.29010319,1139372876.2498105,926851085.0818262,503405.0,
1523664000,8036.511051408333,64658.99849488,519632755.97709787,436167916.73280394,363642.0,
1523750400,8340.748333333333,67846.17583159,565887877.9903744,463617555.31277305,408544.0,
1523836800,8043.803333333333,108195.60699197,870304184.1740315,573360855.0441558,433711.0,
1523923200,7895.416925956,114643.90734183,905161446.4844159,394991691.10931724,451452.0,
1524009600,8164.937425765001,102568.57980623,837466035.9674516,464196480.7572402,451616.0,
1524096000,8254.625,167636.84584575,1383779298.6394742,464912252.67378193,499809.0,
1524182400,8852.718333333332,130982.91176306,1159554824.3182235,794298021.3600045,509922.0,
1524268800,8807.205,109916.92119747,968060857.9549638,651772735.957254,437087.0,
1524355200,8838.548333333334,74947.09557771,662423526.7065428,465733651.16133994,396697.0,
1524441600,8933.861666666666,131451.15378978,1174366423.88162,450699812.6496822,488405.0,
1524528000,9555.542,187780.14315427,1794341044.6766393,1018367445.3468827,548251.0,
1524614400,8995.506666666666,182321.10276922,1640070695.4345367,1422424550.9066591,476859.0,
1524700800,9258.398333333333,153472.32946378,1420907959.320245,844331716.0751168,482588.0,
1524787200,9010.32,137832.97243504,1241919188.1908896,585397247.860827,502991.0,
1524873600,9326.173333333334,178730.49853383,1666871609.2795777,715447010.8945911,429928.0,
1524960000,9334.281666666668,107927.52555482,1007425923.1150545,462929664.3529466,415426.0,
1525046400,9259.57,111808.71124176,1035300588.3528637,418094847.7244384,480942.0,
1525132800,9075.136666666667,94229.71877977,855147575.9879794,527697023.85466576,490968.0,
1525219200,9221.426,148326.62872241,1367783030.5931783,388274885.0666991,468950.0,
1525305600,9639.268333333333,137704.23929306,1327368113.1833491,680877288.7332388,501839.0,
1525392000,9710.730000000001,145335.19742231,1411310861.6647487,574880148.5525826,513487.0,
1525478400,9803.306666666665,104405.41544606,1023518305.2784628,537691046.6820551,450117.0,
1525564800,9630.136276683334,102606.56206805,988115175.5972884,469126978.3503543,386314.0,
1525651200,9345.689999999999,138275.87174966,1292283431.8520799,280712076.1287486,450523.0,
1525737600,9228.608333333334,141050.96343243,1301704096.5572188,517076475.2582592,480689.0,
1525824000,9322.041666666666,129829.22869128,1210273479.4113076,488309747.67100143,459142.0,
1525910400,9101.483333333334,145490.58420673,1324180127.3144832,429069482.61306053,465045.0,
1525996800,8468.788,150246.76961199,1272408039.5287855,463167940.3319524,510498.0,
1526083200,8484.346666666666,108302.43362274,918875391.698982,614413743.6616971,434890.0,
1526169600,8727.651666666667,72791.52752957,635299096.5626642,406595675.33447516,364084.0,
1526256000,8652.038333333332,215607.82959389,1865447206.613137,706860457.8909063,469797.0,
1526342400,8511.458,127053.61459274,1081411504.3542938,454469063.70223063,477898.0,
1526428800,8340.703333333333,162304.7100867,1353735436.435839,600159885.9054794,455066.0,
1526515200,8106.118333333333,237024.30785502,1921347087.3492215,424479322.03378755,420624.0,
1526601600,8240.055,216876.99939227,1787078403.2272713,412136776.7411436,499647.0,
1526688000,8223.288333333334,69258.31274579,569531075.1888062,218570551.05819646,378135.0,
1526774400,8507.406666666668,60574.81711491,515334602.95549953,262757456.5916241,369970.0,
1526860800,8385.556186928334,94297.95254939,790740779.4152118,289720578.7972934,445195.0,
1526947200,8015.580000000001,109440.13177692,877226131.4684445,305894176.50134945,441615.0,
1527033600,7555.740000000001,137159.63826964,1036342565.25945,699344596.5278566,481668.0,
1527120000,7566.193333333334,132244.68793825,1000588876.2471342,621630127.4827429,447545.0,
1527206400,7445.238333333334,105922.96589606,788621726.0697054,431191188.04293126,464173.0,
1527292800,7342.908333333333,57878.40325887,424995809.6095837,206933926.37232855,356715.0,
1527379200,7361.831666666666,55105.48307863,405677290.3352225,212506321.22523677,337617.0,
1527465600,7130.541666666667,142151.01487663,1013613734.5367635,359150380.4854495,407910.0,
1527552000,7459.876666666667,123808.71567001,923597749.1566753,457810459.5313444,442313.0,
1527638400,7385.395,122200.71194102,902500526.9656494,339813351.37757105,443064.0,
1527724800,7491.433999999999,110506.35338207,827851052.9424541,255228873.4843311,454485.0,
1527811200,7535.1466666666665,115082.96421138,867167014.1674992,302871386.6901203,551182.0,
1527897600,7645.1466666666665,68084.92816719,520519261.627632,240176294.70087594,386673.0,
1527984000,7699.886,63102.85727755,485884807.31140536,177606670.8317508,369974.0,
1528070400,7500.2733333333335,103191.06684438,773961206.8911208,294372762.3021108,449727.0,
1528156800,7615.722142096667,100695.49787987,766868932.813174,310610271.6716796,460259.0,
1528243200,7655.613333333334,102030.29878496,781104515.7821237,295953157.9199407,451993.0,
1528329600,7676.2716666666665,104275.28484214,800445414.5673153,226860730.56767535,433803.0,
1528416000,7620.153333333333,107618.30444574,820067981.349887,192350883.74351424,477385.0,
1528502400,7564.408333333333,66895.02110182,506021255.0811164,91992940.35597539,370066.0,
1528588800,6776.888333333333,94045.97768917,637339088.9986632,736759768.9359704,392108.0,
1528675200,6875.678333333333,139263.30485878,957529687.8459084,378492500.7529921,446187.0,
1528761600,6535.081666666666,125289.98489961,818780283.3343848,401258529.22507364,447809.0,
1528848000,6315.7,158822.64511187,1003076179.7330372,582320290.4371136,458586.0,
1528934400,6647.013333333333,128266.46473757,852588901.3301576,507468883.67457664,440335.0,
1529020800,6434.088000000001,120303.96461359,774046295.0727241,244527145.90425405,476262.0,
1529107200,6509.426666666666,61035.98132678,397309244.4747104,172210435.53273633,343364.0,
1529193600,6464.411666666667,66167.6946822,427735217.46005166,121723139.68069099,326153.0,
1529280000,6713.488,102492.49233511,688082117.381853,287235898.7737913,424738.0,
1529366400,6737.0,106824.89488388,719679316.8326995,233317200.37502286,413609.0,
1529452800,6714.718333333333,94157.57733485,624576870.0989205,309788517.0271283,425848.0,
1529539200,6733.901666666668,106868.49589031,719546651.5144162,246549992.04709232,421061.0,
1529625600,6332.573333333334,139066.27737528,935134494.2567854,478403874.50570005,469522.0,
1529712000,6141.605833333334,70756.81394773,428012920.54679507,558291379.5169584,368136.0,
1529798400,6037.008333333334,94335.89368987,583414674.3713796,450337175.88210005,350051.0,
1529884800,6211.447499999999,109699.79346862,675604827.041386,501623219.8642,415602.0,
1529971200,6218.595,97662.61819475,609799528.2509273,363193880.4348,410397.0,
1530057600,6105.295000000001,129636.33922232,795615808.3457524,345979167.6112,397865.0,
1530144000,6107.8961538461535,114621.09898252,703945479.4011465,262900494.3876923,396405.0,
1530230400,5908.702499999999,110240.31389424,656285943.8846064,414797814.0758249,453050.0,
1530316800,6381.390833333334,82832.66576052,493208885.084549,489427084.1189,368307.0,
1530403200,6374.754166666667,156142.42506769,991949405.0912745,224327884.55087498,341861.0,
1530489600,6466.069166666667,112596.07089266,720058629.1228143,281178824.1085834,433257.0,
1530576000,6613.685833333333,131532.59877218,872392592.0084593,356469308.56780005,456149.0,
1530662400,6593.2891666666665,100547.95527987,665699858.480541,345023639.28213334,435401.0,
1530748800,6603.376666666667,99701.07871663,667645282.5935513,359185743.354075,413997.0,
1530835200,6569.496153846154,122863.52245796,799979138.3464725,309943305.8994461,529417.0,
1530921600,6594.281666666667,54818.12064111,363054383.012801,216238561.65835002,357620.0,
1531008000,6753.559166666666,84095.98943604,556194054.9320815,285993884.485,350856.0,
1531094400,6723.8725,95508.90094779,641995550.7468927,220403963.38473335,425384.0,
1531180800,6510.791666666667,127134.68183777,852280394.716769,385405419.24266666,445233.0,
1531267200,6377.363333333334,109855.73442304,703800649.5973039,361861965.470775,413228.0,
1531353600,6233.595,107049.00104095,684429563.5454283,313761610.21449167,405287.0,
1531440000,6244.357499999999,104735.26401202,645414306.8318313,304859782.2167667,473174.0,
1531526400,6241.0,54585.49958239,338915362.5021055,243555155.3039,362895.0,
1531612800,6316.881666666667,56082.39419037,351656240.4115866,178134461.97995833,346482.0,
1531699200,6514.390833333334,114418.44006346,727979315.6129599,301675832.613725,431582.0,
1531785600,6869.910833333332,119036.1219345,793711434.5572977,499528836.8743,487159.0,
1531872000,7398.661666666667,144196.28105159,1061451896.2257222,805118967.8872999,494822.0,
1531958400,7396.401666666666,134422.75981267,984877922.7746856,559342105.92,465956.0,
1532044800,7428.045000000001,109510.71104217,821696098.5911559,490150501.94261664,496859.0,
1532131200,7352.495384615385,71687.28798365,525631984.8096371,425993493.86343074,385949.0,
1532217600,7451.2891666666665,52417.41808258,388795190.9697398,233536540.3604,366445.0,
1532304000,7689.884166666667,121380.86876,899750255.3877512,547531100.7664,473605.0,
1532390400,8112.93,143048.84391971,1102640515.7712734,823187997.8289001,532883.0,
1532476800,8251.164999999999,122048.88422943,1029444503.321131,864732263.0617,525951.0,
1532563200,8187.324166666666,101232.4427313,830061488.1218582,506038858.7382999,479849.0,
1532649600,8025.2575,110006.93899385,873105273.5451685,657006645.97765,517777.0,
1532736000,8182.251666666667,62268.6695096,507162123.30161947,437067809.3401834,395733.0,
1532822400,8206.341666666667,88703.3968105,727303100.3664284,261609974.09137502,380500.0,
1532908800,8143.1483333333335,106625.90659694,879598687.6217308,381316455.4825583,479274.0,
1532995200,7916.800833333334,115565.8388914,943144367.7766045,685149433.5815834,500311.0,
1533081600,7570.869166666666,94246.95108974,725732624.8848577,709577850.3427166,495639.0,
1533168000,7593.149166666667,136332.12663215,1034978972.54063,436605505.40333337,470016.0,
1533254400,7394.499166666667,125025.88096394,944451756.0956509,473049731.6900834,537622.0,
1533340800,7247.769166666666,65849.13587153,489889914.24711716,450885758.33475,416160.0,
1533427200,6998.718333333333,53304.07566759,373567222.2158742,444011358.29234165,374556.0,
1533513600,6988.079166666666,104968.69779034,738335124.6395608,321607416.45345,452409.0,
1533600000,6993.513333333333,93901.52773122,646148619.5171299,367996501.7604,477950.0,
1533686400,6450.366923076922,121815.32065632005,785753515.0855358,717117072.3086154,498557.0,
1533772800,6396.7725,146500.59876039004,937131001.3839971,616864330.6616999,467196.0,
1533859200,6396.4946666666665,118419.19510406998,757467749.9141431,486037319.6083933,510029.0,
1533945600,6195.653333333335,81893.01673279001,507380742.097233,600288986.875425,389255.0,
1534032000,6311.131666666667,52911.972942700006,333934427.9844839,441814690.671825,361543.0,
1534118400,6347.07,131745.37564813008,836197121.414977,401920311.7545857,459525.0,
1534204800,6050.942500000001,174756.67756621,1057442607.4441769,663944638.213075,514444.0,
1534291200,6362.676923076923,137937.51149945005,877651821.2442086,702473673.063446,539382.0,
1534377600,6342.629230769231,108291.35438601997,686851909.76836,608876687.7548769,479346.0,
1534464000,6476.900000000001,121209.34692359,785060819.0894002,417505745.4257667,512304.0,
1534550400,6436.720833333334,57901.10835546002,372693270.4246803,366208610.751725,399288.0,
1534636800,6404.063333333334,42548.324005680006,272482161.6595618,250407540.752725,402086.0,
1534723200,6434.559166666667,96863.94435744999,623276781.0847198,278407616.79156667,459855.0,
1534809600,6401.246153846154,136643.37324861,874687867.4562292,494275683.7943538,449915.0,
1534896000,6575.229166666667,154080.44513449993,1013114236.8613471,578694712.3484416,484462.0,
1534982400,6434.881666666667,137478.91673201998,884660560.8320687,521498142.1169417,444345.0,
1535068800,6543.645714285715,101002.9974829,660927831.6089895,309487742.00668573,487990.0,
1535155200,6719.429230769231,76480.86700602999,513907773.354892,360769405.4619,415347.0,
1535241600,6673.274166666666,56858.10724389998,379429738.2362806,275471754.4117583,368937.0,
1535328000,6719.266153846153,116991.68891227002,786098295.5895143,258650857.75549233,464083.0,
1535414400,7000.040000000002,139981.86375914997,979878645.5886004,488528814.7685167,488604.0,
1535500800,7054.276428571429,123431.91845178997,870722872.8678129,417586626.2572714,509196.0,
1535587200,6932.662499999999,115317.20583680997,799455268.5096335,386739901.3649583,463656.0,
1535673600,6981.9461538461555,124281.24135194995,867724935.0524727,401228805.8850154,511306.0,
1535760000,7100.946666666667,74829.35580502998,531359264.6725416,346387521.1970084,437403.0,
1535846400,7247.9353846153845,61620.437334799986,446620948.1743717,500527999.0105078,387888.0,
1535932800,7260.949230769231,99809.21561748008,724709647.3614223,398104449.3491077,455956.0,
1536019200,7326.8525,115634.76456139001,847238863.8135318,355513974.99455833,474898.0,
1536105600,7113.069230769231,133041.21617556005,946331381.2024939,534640696.63640773,497297.0,
1536192000,6433.2716666666665,168447.98859039007,1083671672.3055463,963691917.6019086,501000.0,
1536278400,6444.804166666668,114506.97230678999,737975012.2351849,419504415.19785,539382.0,
1536364800,6366.107500000001,57255.762706260015,364496340.38254225,291261346.93307495,414918.0,
1536451200,6286.425833333334,73912.84338667002,464647608.0810833,338680872.51955,387388.0,
1536537600,6297.877692307693,112368.52284408003,707683213.337299,290980772.8368461,451964.0,
1536624000,6296.320833333334,117778.93707773002,741573975.2503674,314617783.7769333,474060.0,
1536710400,6273.1375,105993.41296631002,664911253.6319456,321882304.55031675,461585.0,
1536796800,6450.179230769231,193728.12238402994,1249581111.4173896,349448939.5885616,466216.0,
1536883200,6499.0625,112810.82437193,733164598.2696962,360631436.3050917,471372.0,
1536969600,6518.655000000002,57528.26774570002,375006930.18184626,232655320.56611666,427957.0,
1537056000,6480.644166666668,43568.815124639994,282353987.5860767,181083665.02454165,370211.0,
1537142400,6400.600833333334,89722.98462494003,574281010.1595451,217488658.75825,481967.0,
1537228800,6296.631666666667,95446.72249387995,600992855.3345102,346869668.288775,479308.0,
1537315200,6335.826666666665,106220.98449421,672997746.118002,321494577.22700834,480227.0,
1537401600,6418.562666666668,106443.20548575999,683212384.8512276,425834153.34970003,493140.0,
1537488000,6669.990833333333,147934.62604295998,986722599.6391376,524769683.69301677,563130.0,
1537574400,6709.312500000001,68523.44084541999,459745178.20718694,424174128.73345,445041.0,
1537660800,6710.445000000001,50088.41558267,336115557.90465003,251395241.2779167,401263.0,
1537747200,6639.304166666666,75835.50245149995,503494967.4075038,273203917.3096333,469028.0,
1537833600,6412.459166666667,131313.27578012,842041018.9812585,390313648.772825,490588.0,
1537920000,6468.631666666668,115703.74245521997,748444892.3976804,312748554.37550837,474079.0,
1538006400,6535.4766666666665,126129.93325774,824319235.7741838,283381555.35885835,481907.0,
1538092800,6677.342500000002,136792.50224089998,913410388.8945069,457654461.26719165,527057.0,
1538179200,6550.474166666667,70886.84283192999,464342432.72711754,373219094.66076666,429818.0,
1538265600,6593.135000000001,63803.98517462,420668287.7942683,190991380.69071665,413888.0,
1538352000,6590.968333333334,104262.65907091003,687191884.2854975,256778711.4242917,484982.0,
1538438400,6562.641666666666,126366.95830697,829301065.8752508,257999312.56760833,484846.0,
1538524800,6470.402500000001,114389.31778004002,740144927.7372655,332298092.85064167,552112.0,
1538611200,6563.628333333333,101249.05006885997,664561133.7550546,263127450.3287083,506879.0,
1538697600,6568.549166666667,95772.50767858003,629086425.5017139,220257654.74284998,533086.0,
1538784000,6581.486666666667,58935.461801450045,387882956.0400861,209968177.95718333,441964.0,
1538870400,6558.537499999999,37558.21256238998,246326945.52340573,155730689.40768334,444617.0,
1538956800,6618.567692307693,94374.51279775996,624624101.380533,203461059.2068769,477297.0,
1539043200,6621.711666666667,106727.57897566992,706719254.8582816,225814169.29826665,463256.0,
1539129600,6563.009166666667,115412.58970185007,757453884.161981,265718545.5197667,482434.0,
1539216000,6248.635833333334,139087.73572355005,869108609.4193717,571216726.9510417,499967.0,
1539302400,6260.530833333333,128397.51297319002,803836588.8919728,326313131.20454997,498114.0,
1539388800,6260.645833333335,58874.05926456003,368589633.8260876,182016135.0701833,400480.0,
1539475200,6299.399166666666,64000.45468540001,403164410.9114965,189122800.70661664,378042.0,
1539561600,6452.571666666667,216583.45472909985,1397520263.4537723,571754179.6516584,502795.0,
1539648000,6596.618333333333,136972.66105608002,903556367.08799,667107406.1572669,490755.0,
1539734400,6596.276153846155,110442.13465088996,728506819.1775315,288830228.1963923,490530.0,
1539820800,6568.040769230769,133635.80757877004,877725432.4064398,248067803.46955383,479719.0,
1539907200,6487.444166666667,129375.82599555,839318447.6625125,271177659.4210667,504470.0,
1539993600,6488.825833333333,106906.93188430001,693700461.3732529,196192211.14311668,428969.0,
1540080000,6531.6016666666665,45300.18501126002,295882763.9198543,139219682.7482917,403198.0,
1540166400,6498.485833333333,113898.24536915,740166133.9729452,161513916.040575,489859.0,
1540252800,6481.425999999999,113622.78922732998,736437700.2905363,214509494.38174,487825.0,
1540339200,6508.31,120219.60972419994,782426488.1641078,228326458.19319168,478550.0,
1540425600,6478.0825,127063.22502306996,823126054.4155116,211333434.46891665,474714.0,
1540512000,6473.753333333334,115753.25418193007,749358015.1044505,196903747.49074164,503383.0,
1540598400,6465.9175000000005,57115.018423150024,369300997.1350682,170476989.60099164,418913.0,
1540684800,6448.221666666667,71645.16471587996,461983903.4328394,132201764.57107498,403763.0,
1540771200,6382.668333333332,141597.67848288995,903771018.5262562,227993897.59048334,495173.0,
1540857600,6309.4528571428555,99727.56288639993,629226356.5894898,272566870.0486643,505403.0,
1540944000,6310.284166666667,128050.18362011998,808033046.2368025,239611665.55315003,510366.0,
1541030400,6342.280833333334,125925.68481733996,798656057.2413896,218561001.31684998,505057.0,
1541116800,6387.674166666667,134066.90436917997,856375701.6439813,213130474.22181675,565268.0,
1541203200,6363.795833333334,57759.29098745999,367568335.3222855,173127503.86902502,453207.0,
1541289600,6391.873333333333,81500.91284269004,520943511.4415147,170377979.27624997,412573.0,
1541376000,6436.965,117226.22287920999,754581093.755674,181319289.62183332,536752.0,
1541462400,6445.354166666667,116941.35294412007,753728436.4540216,194984157.9507917,519341.0,
1541548800,6538.79,129474.31644625,846605365.635575,282785375.5726834,522947.0,
1541635200,6486.251666666667,119749.93716901996,776728229.5457844,243318834.88346663,498003.0,
1541721600,6411.280833333333,131258.853247,841537370.0278038,234921792.63233337,541363.0,
1541808000,6399.033333333333,60079.88192947001,384453167.12940955,165583852.47805002,448642.0,
1541894400,6378.268333333333,60560.69280986997,386272349.1939213,130081811.03396666,422962.0,
1541980800,6401.936666666667,116184.53048506998,743806005.8118206,161262278.75530002,510341.0,
1542067200,6372.063333333333,128317.63619390997,817648104.6112199,233379998.45811668,491740.0,
1542153600,6176.155,194572.32530501002,1201708839.7941642,394394702.04938334,524969.0,
1542240000,5615.179999999999,484615.0720924201,2721200860.511915,1154982470.8677833,523898.0,
1542326400,5596.1925,195693.85737478003,1095140496.9368136,598382905.457125,533314.0,
1542412800,5558.243333333333,87802.08702128,488025364.83878267,295708090.7180917,428639.0,
1542499200,5606.044166666667,63965.165272609964,358591541.6463843,199003094.976675,393875.0,
1542585600,5303.9425,199215.20399452993,1056625987.1127571,520520304.9135249,470246.0,
1542672000,4671.97,319755.5004004601,1493888105.2059376,1286922323.878267,543710.0,
1542758400,4533.680833333334,227159.8634653199,1029870319.0953379,1192636084.7779415,472551.0,
1542844800,4548.7975,147946.46372614003,672978504.3313065,515936600.33733344,467174.0,
1542931200,4309.337500000001,171530.13968192,739181263.3115361,499912457.6587834,479021.0,
1543017600,4293.840833333333,96229.75123869002,413195235.25019604,394965144.8347084,406860.0,
1543104000,3823.5116666666668,164197.54107955995,627811213.9556767,854858771.8991165,410529.0,
1543190400,3920.5366666666664,192156.33751955995,753355966.9778105,777305525.3779416,469612.0,
1543276800,3751.6683333333344,229185.3318486499,859827351.9610715,769139307.2511915,462321.0,
1543363200,4103.453846153846,198420.8872308001,814210952.8644851,693105022.051023,454763.0,
1543449600,4263.783333333334,217174.92171728,925986811.63611,694205696.0006417,461334.0,
1543536000,4106.871666666667,396401.8239969799,1627971419.5881836,566637605.5040001,460122.0,
1543622400,4116.777499999999,171285.3347997201,705143612.3834546,463868071.3704083,420224.0,
1543708800,4167.546666666666,84399.90511706998,351740543.2376279,311020128.45015,364378.0,
1543795200,3967.5241666666666,319552.04368437995,1267830455.8254998,384515219.8658083,426799.0,
1543881600,3961.493333333334,629491.33051875,2493725709.2411585,431140475.81086665,492964.0,
